./data/image/baichunzh1.jpg,./data/imagelabel/baichunzh1.jpg
./data/image/baichunzh10.jpg,./data/imagelabel/baichunzh10.jpg
./data/image/baichunzh2.jpg,./data/imagelabel/baichunzh2.jpg
./data/image/baichunzh5.jpg,./data/imagelabel/baichunzh5.jpg
./data/image/baichunzh6.jpg,./data/imagelabel/baichunzh6.jpg
./data/image/gaob1.jpg,./data/imagelabel/gaob1.jpg
./data/image/gaob10.jpg,./data/imagelabel/gaob10.jpg
./data/image/gaob11.jpg,./data/imagelabel/gaob11.jpg
./data/image/gaob12.jpg,./data/imagelabel/gaob12.jpg
./data/image/gaob13.jpg,./data/imagelabel/gaob13.jpg
./data/image/gaob14.jpg,./data/imagelabel/gaob14.jpg
./data/image/gaob15.jpg,./data/imagelabel/gaob15.jpg
./data/image/gaob16.jpg,./data/imagelabel/gaob16.jpg
./data/image/gaob17.jpg,./data/imagelabel/gaob17.jpg
./data/image/gaob18.jpg,./data/imagelabel/gaob18.jpg
./data/image/gaob2.jpg,./data/imagelabel/gaob2.jpg
./data/image/gaob20.jpg,./data/imagelabel/gaob20.jpg
./data/image/gaob21.jpg,./data/imagelabel/gaob21.jpg
./data/image/gaob22.jpg,./data/imagelabel/gaob22.jpg
./data/image/gaob23.jpg,./data/imagelabel/gaob23.jpg
./data/image/gaob24.jpg,./data/imagelabel/gaob24.jpg
./data/image/gaob25.jpg,./data/imagelabel/gaob25.jpg
./data/image/gaob26.jpg,./data/imagelabel/gaob26.jpg
./data/image/gaob27.jpg,./data/imagelabel/gaob27.jpg
./data/image/gaob3.jpg,./data/imagelabel/gaob3.jpg
./data/image/gaob4.jpg,./data/imagelabel/gaob4.jpg
./data/image/gaob5.jpg,./data/imagelabel/gaob5.jpg
./data/image/gaob6.jpg,./data/imagelabel/gaob6.jpg
./data/image/gaob7.jpg,./data/imagelabel/gaob7.jpg
./data/image/gaob8.jpg,./data/imagelabel/gaob8.jpg
./data/image/haodong39.jpg,./data/imagelabel/haodong39.jpg
./data/image/haodong41.jpg,./data/imagelabel/haodong41.jpg
./data/image/haodong42.jpg,./data/imagelabel/haodong42.jpg
./data/image/haodong43.jpg,./data/imagelabel/haodong43.jpg
./data/image/haodong44.jpg,./data/imagelabel/haodong44.jpg
./data/image/haodong45.jpg,./data/imagelabel/haodong45.jpg
./data/image/haodong46.jpg,./data/imagelabel/haodong46.jpg
./data/image/haodong47.jpg,./data/imagelabel/haodong47.jpg
./data/image/haodong48.jpg,./data/imagelabel/haodong48.jpg
./data/image/haodong49.jpg,./data/imagelabel/haodong49.jpg
./data/image/jiangwei50.jpg,./data/imagelabel/jiangwei50.jpg
./data/image/jiangwei51.jpg,./data/imagelabel/jiangwei51.jpg
./data/image/jiangwei52.jpg,./data/imagelabel/jiangwei52.jpg
./data/image/jiangwei53.jpg,./data/imagelabel/jiangwei53.jpg
./data/image/jiangwei56.jpg,./data/imagelabel/jiangwei56.jpg
./data/image/jiangwei57.jpg,./data/imagelabel/jiangwei57.jpg
./data/image/jiangwei58.jpg,./data/imagelabel/jiangwei58.jpg
./data/image/jiangwei59.jpg,./data/imagelabel/jiangwei59.jpg
./data/image/jiangwei60.jpg,./data/imagelabel/jiangwei60.jpg
./data/image/jinbeng65.jpg,./data/imagelabel/jinbeng65.jpg
./data/image/jinbeng66.jpg,./data/imagelabel/jinbeng66.jpg
./data/image/jinbeng67.jpg,./data/imagelabel/jinbeng67.jpg
./data/image/jinbeng68.jpg,./data/imagelabel/jinbeng68.jpg
./data/image/jinbeng69.jpg,./data/imagelabel/jinbeng69.jpg
./data/image/jinbeng72.jpg,./data/imagelabel/jinbeng72.jpg
./data/image/liang73.jpg,./data/imagelabel/liang73.jpg
./data/image/liang74.jpg,./data/imagelabel/liang74.jpg
./data/image/liang75.jpg,./data/imagelabel/liang75.jpg
./data/image/liang76.jpg,./data/imagelabel/liang76.jpg
./data/image/liang77.jpg,./data/imagelabel/liang77.jpg
./data/image/lichao79.jpg,./data/imagelabel/lichao79.jpg
./data/image/lichao80.jpg,./data/imagelabel/lichao80.jpg
./data/image/lichao81.jpg,./data/imagelabel/lichao81.jpg
./data/image/lichao82.jpg,./data/imagelabel/lichao82.jpg
./data/image/lichao83.jpg,./data/imagelabel/lichao83.jpg
./data/image/lichao84.jpg,./data/imagelabel/lichao84.jpg
./data/image/lichao85.jpg,./data/imagelabel/lichao85.jpg
./data/image/lichao86.jpg,./data/imagelabel/lichao86.jpg
./data/image/lichao87.jpg,./data/imagelabel/lichao87.jpg
./data/image/liliangxin93.jpg,./data/imagelabel/liliangxin93.jpg
./data/image/liliangxin94.jpg,./data/imagelabel/liliangxin94.jpg
./data/image/liliangxin95.jpg,./data/imagelabel/liliangxin95.jpg
./data/image/liliangxin96.jpg,./data/imagelabel/liliangxin96.jpg
./data/image/liliangxin97.jpg,./data/imagelabel/liliangxin97.jpg
./data/image/liliangxin98.jpg,./data/imagelabel/liliangxin98.jpg
./data/image/menting102.jpg,./data/imagelabel/menting102.jpg
./data/image/menting103.jpg,./data/imagelabel/menting103.jpg
./data/image/menting104.jpg,./data/imagelabel/menting104.jpg
./data/image/menting107.jpg,./data/imagelabel/menting107.jpg
./data/image/menting108.jpg,./data/imagelabel/menting108.jpg
./data/image/menting109.jpg,./data/imagelabel/menting109.jpg
./data/image/menting110.jpg,./data/imagelabel/menting110.jpg
./data/image/menting111.jpg,./data/imagelabel/menting111.jpg
./data/image/menting112.jpg,./data/imagelabel/menting112.jpg
./data/image/menting113.jpg,./data/imagelabel/menting113.jpg
./data/image/menting114.jpg,./data/imagelabel/menting114.jpg
./data/image/menting115.jpg,./data/imagelabel/menting115.jpg
./data/image/peng28.jpg,./data/imagelabel/peng28.jpg
./data/image/peng30.jpg,./data/imagelabel/peng30.jpg
./data/image/peng31.jpg,./data/imagelabel/peng31.jpg
./data/image/peng32.jpg,./data/imagelabel/peng32.jpg
./data/image/peng33.jpg,./data/imagelabel/peng33.jpg
./data/image/peng34.jpg,./data/imagelabel/peng34.jpg
./data/image/peng35.jpg,./data/imagelabel/peng35.jpg
./data/image/peng36.jpg,./data/imagelabel/peng36.jpg
./data/image/peng37.jpg,./data/imagelabel/peng37.jpg
./data/image/peng38.jpg,./data/imagelabel/peng38.jpg
./data/image/peng40.jpg,./data/imagelabel/peng40.jpg
./data/image/peng45.jpg,./data/imagelabel/peng45.jpg
./data/image/peng46.jpg,./data/imagelabel/peng46.jpg
./data/image/peng47.jpg,./data/imagelabel/peng47.jpg
./data/image/peng48.jpg,./data/imagelabel/peng48.jpg
./data/image/peng50.jpg,./data/imagelabel/peng50.jpg
./data/image/peng51.jpg,./data/imagelabel/peng51.jpg
./data/image/shic52.jpg,./data/imagelabel/shic52.jpg
./data/image/shic53.jpg,./data/imagelabel/shic53.jpg
./data/image/shic54.jpg,./data/imagelabel/shic54.jpg
./data/image/shic55.jpg,./data/imagelabel/shic55.jpg
./data/image/shic56.jpg,./data/imagelabel/shic56.jpg
./data/image/shic57.jpg,./data/imagelabel/shic57.jpg
./data/image/shic58.jpg,./data/imagelabel/shic58.jpg
./data/image/shic60.jpg,./data/imagelabel/shic60.jpg
./data/image/shic63.jpg,./data/imagelabel/shic63.jpg
./data/image/shic64.jpg,./data/imagelabel/shic64.jpg
./data/image/shic65.jpg,./data/imagelabel/shic65.jpg
./data/image/shic66.jpg,./data/imagelabel/shic66.jpg
./data/image/shic67.jpg,./data/imagelabel/shic67.jpg
./data/image/shic68.jpg,./data/imagelabel/shic68.jpg
./data/image/shic70.jpg,./data/imagelabel/shic70.jpg
./data/image/shic71.jpg,./data/imagelabel/shic71.jpg
./data/image/shic72.jpg,./data/imagelabel/shic72.jpg
./data/image/shic73.jpg,./data/imagelabel/shic73.jpg
./data/image/song74.jpg,./data/imagelabel/song74.jpg
./data/image/song75.jpg,./data/imagelabel/song75.jpg
./data/image/song76.jpg,./data/imagelabel/song76.jpg
./data/image/song77.jpg,./data/imagelabel/song77.jpg
./data/image/song78.jpg,./data/imagelabel/song78.jpg
./data/image/song80.jpg,./data/imagelabel/song80.jpg
./data/image/song81.jpg,./data/imagelabel/song81.jpg
./data/image/song82.jpg,./data/imagelabel/song82.jpg
./data/image/song83.jpg,./data/imagelabel/song83.jpg
./data/image/song84.jpg,./data/imagelabel/song84.jpg
./data/image/song85.jpg,./data/imagelabel/song85.jpg
./data/image/song86.jpg,./data/imagelabel/song86.jpg
./data/image/song87.jpg,./data/imagelabel/song87.jpg
./data/image/song88.jpg,./data/imagelabel/song88.jpg
./data/image/song90.jpg,./data/imagelabel/song90.jpg
./data/image/song91.jpg,./data/imagelabel/song91.jpg
./data/image/song92.jpg,./data/imagelabel/song92.jpg
./data/image/song93.jpg,./data/imagelabel/song93.jpg
./data/image/sushao100.jpg,./data/imagelabel/sushao100.jpg
./data/image/sushao101.jpg,./data/imagelabel/sushao101.jpg
./data/image/sushao102.jpg,./data/imagelabel/sushao102.jpg
./data/image/sushao103.jpg,./data/imagelabel/sushao103.jpg
./data/image/sushao104.jpg,./data/imagelabel/sushao104.jpg
./data/image/sushao105.jpg,./data/imagelabel/sushao105.jpg
./data/image/sushao106.jpg,./data/imagelabel/sushao106.jpg
./data/image/sushao107.jpg,./data/imagelabel/sushao107.jpg
./data/image/sushao108.jpg,./data/imagelabel/sushao108.jpg
./data/image/sushao110.jpg,./data/imagelabel/sushao110.jpg
./data/image/sushao111.jpg,./data/imagelabel/sushao111.jpg
./data/image/sushao112.jpg,./data/imagelabel/sushao112.jpg
./data/image/sushao113.jpg,./data/imagelabel/sushao113.jpg
./data/image/sushao94.jpg,./data/imagelabel/sushao94.jpg
./data/image/sushao95.jpg,./data/imagelabel/sushao95.jpg
./data/image/sushao96.jpg,./data/imagelabel/sushao96.jpg
./data/image/sushao97.jpg,./data/imagelabel/sushao97.jpg
./data/image/sushao98.jpg,./data/imagelabel/sushao98.jpg
./data/image/wang114.jpg,./data/imagelabel/wang114.jpg
./data/image/wang115.jpg,./data/imagelabel/wang115.jpg
./data/image/wang116.jpg,./data/imagelabel/wang116.jpg
./data/image/wang117.jpg,./data/imagelabel/wang117.jpg
./data/image/wang118.jpg,./data/imagelabel/wang118.jpg
./data/image/wang120.jpg,./data/imagelabel/wang120.jpg
./data/image/wang121.jpg,./data/imagelabel/wang121.jpg
./data/image/wang125.jpg,./data/imagelabel/wang125.jpg
./data/image/wang126.jpg,./data/imagelabel/wang126.jpg
./data/image/wang127.jpg,./data/imagelabel/wang127.jpg
./data/image/wang128.jpg,./data/imagelabel/wang128.jpg
./data/image/wang130.jpg,./data/imagelabel/wang130.jpg
./data/image/wang131.jpg,./data/imagelabel/wang131.jpg
./data/image/wang132.jpg,./data/imagelabel/wang132.jpg
./data/image/wang133.jpg,./data/imagelabel/wang133.jpg
./data/image/wang134.jpg,./data/imagelabel/wang134.jpg
./data/image/wang135.jpg,./data/imagelabel/wang135.jpg
./data/image/xieqi136.jpg,./data/imagelabel/xieqi136.jpg
./data/image/xieqi137.jpg,./data/imagelabel/xieqi137.jpg
./data/image/xieqi138.jpg,./data/imagelabel/xieqi138.jpg
./data/image/xieqi140.jpg,./data/imagelabel/xieqi140.jpg
./data/image/xieqi141.jpg,./data/imagelabel/xieqi141.jpg
./data/image/xieqi142.jpg,./data/imagelabel/xieqi142.jpg
./data/image/xieqi143.jpg,./data/imagelabel/xieqi143.jpg
./data/image/xieqi144.jpg,./data/imagelabel/xieqi144.jpg
./data/image/xieqi145.jpg,./data/imagelabel/xieqi145.jpg
./data/image/xieqi146.jpg,./data/imagelabel/xieqi146.jpg
./data/image/xieqi147.jpg,./data/imagelabel/xieqi147.jpg
./data/image/xieqi148.jpg,./data/imagelabel/xieqi148.jpg
./data/image/xieqi150.jpg,./data/imagelabel/xieqi150.jpg
./data/image/xieqi151.jpg,./data/imagelabel/xieqi151.jpg
./data/image/xieqi152.jpg,./data/imagelabel/xieqi152.jpg
./data/image/xieqi153.jpg,./data/imagelabel/xieqi153.jpg
./data/image/xieqi154.jpg,./data/imagelabel/xieqi154.jpg
./data/image/xieqi155.jpg,./data/imagelabel/xieqi155.jpg
./data/image/xieqi156.jpg,./data/imagelabel/xieqi156.jpg
./data/image/xieqi157.jpg,./data/imagelabel/xieqi157.jpg
./data/image/xuchunmen131.jpg,./data/imagelabel/xuchunmen131.jpg
./data/image/xuchunmen137.jpg,./data/imagelabel/xuchunmen137.jpg
./data/image/xuchunmen138.jpg,./data/imagelabel/xuchunmen138.jpg
./data/image/xuchunmen139.jpg,./data/imagelabel/xuchunmen139.jpg
./data/image/xuchunmen140.jpg,./data/imagelabel/xuchunmen140.jpg
./data/image/xuchunmen141.jpg,./data/imagelabel/xuchunmen141.jpg
./data/image/xuchunmen142.jpg,./data/imagelabel/xuchunmen142.jpg
./data/image/yang160.jpg,./data/imagelabel/yang160.jpg
./data/image/yang161.jpg,./data/imagelabel/yang161.jpg
./data/image/yang162.jpg,./data/imagelabel/yang162.jpg
./data/image/yang163.jpg,./data/imagelabel/yang163.jpg
./data/image/yang164.jpg,./data/imagelabel/yang164.jpg
./data/image/yang165.jpg,./data/imagelabel/yang165.jpg
./data/image/yang166.jpg,./data/imagelabel/yang166.jpg
./data/image/yang167.jpg,./data/imagelabel/yang167.jpg
./data/image/yang168.jpg,./data/imagelabel/yang168.jpg
./data/image/yang170.jpg,./data/imagelabel/yang170.jpg
./data/image/yang171.jpg,./data/imagelabel/yang171.jpg
./data/image/yang172.jpg,./data/imagelabel/yang172.jpg
./data/image/yang173.jpg,./data/imagelabel/yang173.jpg
./data/image/yang174.jpg,./data/imagelabel/yang174.jpg
./data/image/yang175.jpg,./data/imagelabel/yang175.jpg
./data/image/yang176.jpg,./data/imagelabel/yang176.jpg
./data/image/yang177.jpg,./data/imagelabel/yang177.jpg
./data/image/yang178.jpg,./data/imagelabel/yang178.jpg
./data/image/zhangguihua180.jpg,./data/imagelabel/zhangguihua180.jpg
./data/image/zhangguihua181.jpg,./data/imagelabel/zhangguihua181.jpg
./data/image/zhangguihua182.jpg,./data/imagelabel/zhangguihua182.jpg
./data/image/zhangguihua184.jpg,./data/imagelabel/zhangguihua184.jpg
./data/image/zhangguihua185.jpg,./data/imagelabel/zhangguihua185.jpg
./data/image/zhangguihua186.jpg,./data/imagelabel/zhangguihua186.jpg
./data/image/zhangguihua187.jpg,./data/imagelabel/zhangguihua187.jpg
./data/image/zhangguihua188.jpg,./data/imagelabel/zhangguihua188.jpg
./data/image/zhangguihua190.jpg,./data/imagelabel/zhangguihua190.jpg
./data/image/zhangguihua193.jpg,./data/imagelabel/zhangguihua193.jpg
./data/image/zhangguihua194.jpg,./data/imagelabel/zhangguihua194.jpg
./data/image/zhangguihua195.jpg,./data/imagelabel/zhangguihua195.jpg
./data/image/zhangguihua196.jpg,./data/imagelabel/zhangguihua196.jpg
./data/image/zhangguihua197.jpg,./data/imagelabel/zhangguihua197.jpg
./data/image/zhangguihua198.jpg,./data/imagelabel/zhangguihua198.jpg
./data/image/zhangguihua200.jpg,./data/imagelabel/zhangguihua200.jpg
./data/image/zhangguihua201.jpg,./data/imagelabel/zhangguihua201.jpg
./data/image/zhangguihua202.jpg,./data/imagelabel/zhangguihua202.jpg
./data/image/zhangguihua203.jpg,./data/imagelabel/zhangguihua203.jpg
./data/image/zhangguihua204.jpg,./data/imagelabel/zhangguihua204.jpg
./data/image/zhangguihua205.jpg,./data/imagelabel/zhangguihua205.jpg
./data/image/zhangguihua206.jpg,./data/imagelabel/zhangguihua206.jpg
./data/image/zhangpanlong207.jpg,./data/imagelabel/zhangpanlong207.jpg
./data/image/zhangpanlong208.jpg,./data/imagelabel/zhangpanlong208.jpg
./data/image/zhangpanlong210.jpg,./data/imagelabel/zhangpanlong210.jpg
./data/image/zhangpanlong211.jpg,./data/imagelabel/zhangpanlong211.jpg
./data/image/zhangpanlong212.jpg,./data/imagelabel/zhangpanlong212.jpg
./data/image/zhangpanlong213.jpg,./data/imagelabel/zhangpanlong213.jpg
./data/image/zhangpanlong214.jpg,./data/imagelabel/zhangpanlong214.jpg
./data/image/zhangpanlong215.jpg,./data/imagelabel/zhangpanlong215.jpg
./data/image/zhangpanlong216.jpg,./data/imagelabel/zhangpanlong216.jpg
./data/image/zhangpanlong217.jpg,./data/imagelabel/zhangpanlong217.jpg
./data/image/zhangpanlong226.jpg,./data/imagelabel/zhangpanlong226.jpg
